{
    "display": {
      "icon": {
        "item": "shield",
        "nbt": "{BlockEntityTag:{Base:15,Patterns:[{Color:5,Pattern:\"pig\"},{Color:15,Pattern:\"ts\"},{Color:15,Pattern:\"bs\"},{Color:15,Pattern:\"bo\"},{Color:15,Pattern:\"bs\"}]}}"
      },
      "title": "Join the Order",
      "description": "Defeat a Black Knight"
    },
    "parent": "end:black_barrens",
    "criteria": {
      "a": {
        "trigger": "minecraft:player_killed_entity",
        "conditions": {
          "entity": {
            "type": "minecraft:wither_skeleton",
            "team": "noname",
            "location": {}
          }
        }
      }
    }
  }