{
    "display": {
      "icon": {
        "item": "player_head",
        "nbt": "{SkullOwner:{Id:[I;104723745,1400588500,-1884564733,1343105482],Properties:{textures:[{Value:\"eyJ0ZXh0dXJlcyI6eyJTS0lOIjp7InVybCI6Imh0dHA6Ly90ZXh0dXJlcy5taW5lY3JhZnQubmV0L3RleHR1cmUvOTY3YTJmMjE4YTZlNmUzOGYyYjU0NWY2YzE3NzMzZjRlZjliYmIyODhlNzU0MDI5NDljMDUyMTg5ZWUifX19\"}]}}}"
      },
      "title": "Enter the Darkness",
      "description": "Get trapped in an end storm"
    },
    "parent": "minecraft:end/root",
    "criteria": {
      "a": {
        "trigger": "minecraft:impossible"
      }
    }
  }