{
    "display": {
      "icon": {
        "item": "player_head",
        "nbt": "{display:{Name:\"{\\\"text\\\":\\\"Warped Wart Block\\\"}\"},SkullOwner:{Id:[I;375949507,-923645585,-1549175788,339205334],Properties:{textures:[{Value:\"eyJ0ZXh0dXJlcyI6eyJTS0lOIjp7InVybCI6Imh0dHA6Ly90ZXh0dXJlcy5taW5lY3JhZnQubmV0L3RleHR1cmUvMzIwNTIxMDQ2NTQxNTk4M2MzMmExMjc4Mzc5YWIwMGNkYzY0MDBhZmEzY2RiYzUxOGQ2MmY2NTU3MTUwNGEyMCJ9fX0=\"}]}}}"
      },
      "title": "Fungus Forests",
      "description": "Discover a Fungus Forest"
    },
    "parent": "minecraft:end/enter_end_gateway",
    "criteria": {
      "a": {
        "trigger": "minecraft:impossible"
      }
    }
  }