{
    "display": {
      "icon": {
        "item": "player_head",
        "nbt": "{SkullOwner:{Id:[I;2098345375,-2061940845,-1639509100,874279525],Properties:{textures:[{Value:\"eyJ0ZXh0dXJlcyI6eyJTS0lOIjp7InVybCI6Imh0dHA6Ly90ZXh0dXJlcy5taW5lY3JhZnQubmV0L3RleHR1cmUvMTQxNDRiZDRhYzE2YzRlYjc1M2I4ZTg1NWYzMWY4ZmNiNDFiNjYzMzMzNTJlMmI5Zjc0OGY2ZWM0MTEifX19\"}]}}}"
      },
      "title": "Ghost Busting!",
      "description": "Defeat a White Spirit"
    },
    "parent": "end:quartz_plane",
    "criteria": {
      "a": {
        "trigger": "minecraft:player_killed_entity",
        "conditions": {
          "entity": {
            "type": "minecraft:zombie",
            "team": "noname",
            "location": {},
            "flags": {
              "is_baby": true
            }
          }
        }
      }
    }
  }