{
  "type": "minecraft:chest",
  "pools": [
    {
      "rolls": 1,
      "entries": [
        {
          "type": "minecraft:item",
          "weight": 1,
          "name": "minecraft:enchanted_golden_apple"
        },
        {
          "type": "minecraft:loot_table",
          "weight": 5,
          "name": "dnl:item/forbidden_apple"
        },
        {
          "type": "minecraft:item",
          "weight": 20,
          "name": "minecraft:golden_apple",
          "functions": [
            {
              "function": "minecraft:set_count",
              "count": {
                "min": 5,
                "max": 8
              }
            }
          ]
        },
        {
          "type": "minecraft:item",
          "weight": 20,
          "name": "minecraft:golden_carrot",
          "functions": [
            {
              "function": "minecraft:set_count",
              "count": {
                "min": 5,
                "max": 12
              }
            }
          ]
        }
      ]
    }
  ]
}
