{
    "type": "minecraft:chest",
    "pools": [
        {
            "rolls": 1,
            "entries": [
                {
                    "type": "minecraft:item",
                    "name": "minecraft:crossbow",
                    "functions": [
                        {
                            "function": "minecraft:set_nbt",
                            "tag": "{display:{Lore:['{\"translate\":\"Treasure\",\"color\":\"dark_aqua\",\"italic\":false}']},dnl.item:1b,dnl.treasure:1b,dnl.plains_pillager_camp:1b,Enchantments:[{id:\"minecraft:quick_charge\",lvl:4s}]}"
                        }
                    ]
                }
            ]
        },
        {
            "rolls": 1,
            "entries": [
                {
                    "type": "minecraft:item",
                    "name": "minecraft:arrow",
                    "functions": [
                        {
                            "function": "minecraft:set_count",
                            "count": {
                                "min": 30,
                                "max": 60
                            }
                        }
                    ]
                }
            ]
        },
        {
            "rolls": 1,
            "entries": [
                {
                    "type": "minecraft:item",
                    "name": "minecraft:spectral_arrow",
                    "functions": [
                        {
                            "function": "minecraft:set_count",
                            "count": {
                                "min": 30,
                                "max": 60
                            }
                        }
                    ]
                }
            ]
        }
    ]
}