{
    "type": "minecraft:block",
    "pools": [
      {
        "rolls": 1,
        "entries": [
          {
            "type": "minecraft:alternatives",
            "children": [
              {
                "type": "minecraft:item",
                "name": "minecraft:end_stone_brick_slab",
                "functions": [
                  {
                    "function": "minecraft:set_nbt",
                    "tag": "{display:{Name:'{\"text\":\"Chorzol\",\"italic\":false}'},CustomModelData:300000,EndId:\"Chorzol\",BlockStateTag:{type:\"double\",waterlogged:\"true\"}}"
                  }
                ],
                "conditions": [
                  {
                    "condition": "minecraft:block_state_property",
                    "block": "minecraft:end_stone_brick_slab",
                    "properties": {
                      "type": "double",
                      "waterlogged": "true"
                    }
                  }
                ]
              },
              {
                "type": "minecraft:item",
                "name": "minecraft:end_stone_brick_slab",
                "functions": [
                  {
                    "function": "minecraft:set_count",
                    "count": 2,
                    "conditions": [
                      {
                        "condition": "minecraft:block_state_property",
                        "block": "minecraft:end_stone_brick_slab",
                        "properties": {
                          "type": "double"
                        }
                      }
                    ]
                  }
                ]
              }
            ]
          }
        ]
      }
    ]
  }