{
    "type": "minecraft:chest",
    "pools": [
      
      {
        "rolls": {
          "min": 10,
          "max": 12
        },
        "entries": [
          {
            "type": "minecraft:item",
            "name": "minecraft:popped_chorus_fruit",
            "weight": 7,
            "functions": [
              {
                "function": "minecraft:set_count",
                "count": {
                  "min": 3,
                  "max": 5
                }
              }
            ]
          },
          {
            "type": "minecraft:item",
            "name": "iron_ingot",
            "weight": 5,
            "functions": [
              {
                "function": "minecraft:set_count",
                "count": {
                  "min": 2,
                  "max": 3
                }
              }
            ]
          },
          {
            "type": "minecraft:item",
            "name": "gold_ingot",
            "weight": 3,
            "functions": [
              {
                "function": "minecraft:set_count",
                "count": {
                  "min": 2,
                  "max": 3
                }
              }
            ]
          },
          {
            "type": "minecraft:item",
            "name": "diamond",
            "weight": 1,
            "functions": [
              {
                "function": "minecraft:set_count",
                "count": {
                  "min": 1,
                  "max": 2
                }
              }
            ]
          },
          {
            "type": "minecraft:item",
            "name": "ender_eye",
            "weight": 5,
            "functions": [
              {
                "function": "minecraft:set_count",
                "count": {
                  "min": 1,
                  "max": 2
                }
              }
            ]
          }
        ]
      }
    ]
  }