{
    "type": "minecraft:chest",
    "pools": [
      {
        "rolls": {
          "min": 1,
          "max": 1
        },
        "entries": [
          {
            "type": "minecraft:item",
            "name": "diamond_pickaxe",
            "weight": 1,
            "functions": [
              {
                "function": "minecraft:set_nbt",
                "tag": "{Enchantments:[{id:\"minecraft:fortune\",lvl:6s}]}"
              },
              {
                "function": "minecraft:set_nbt",
                "tag": "{Enchantments:[{id:\"minecraft:efficiency\",lvl:10s}]}",
                "conditions": [
                  {
                    "condition": "minecraft:random_chance",
                    "chance": 0.9
                  }
                ]
              },
              {
                "function": "minecraft:set_nbt",
                "tag": "{RepairCost:1000}"
              }
            ]
          },
          {
            "type": "minecraft:item",
            "name": "diamond_axe",
            "weight": 1,
            "functions": [
              {
                "function": "minecraft:set_nbt",
                "tag": "{Enchantments:[{id:\"minecraft:fortune\",lvl:6s}]}"
              },
              {
                "function": "minecraft:set_nbt",
                "tag": "{Enchantments:[{id:\"minecraft:efficiency\",lvl:10s}]}",
                "conditions": [
                  {
                    "condition": "minecraft:random_chance",
                    "chance": 0.9
                  }
                ]
              },
              {
                "function": "minecraft:set_nbt",
                "tag": "{RepairCost:1000}"
              }
            ]
          },
          {
            "type": "minecraft:item",
            "name": "diamond_shovel",
            "weight": 1,
            "functions": [
              {
                "function": "minecraft:set_nbt",
                "tag": "{Enchantments:[{id:\"minecraft:fortune\",lvl:6s}]}"
              },
              {
                "function": "minecraft:set_nbt",
                "tag": "{Enchantments:[{id:\"minecraft:efficiency\",lvl:10s}]}",
                "conditions": [
                  {
                    "condition": "minecraft:random_chance",
                    "chance": 0.9
                  }
                ]
              },
              {
                "function": "minecraft:set_nbt",
                "tag": "{RepairCost:1000}"
              }
            ]
          },
          {
            "type": "minecraft:item",
            "name": "iron_pickaxe",
            "weight": 1,
            "functions": [
              {
                "function": "minecraft:set_nbt",
                "tag": "{Enchantments:[{id:\"minecraft:fortune\",lvl:6s}]}"
              },
              {
                "function": "minecraft:set_nbt",
                "tag": "{Enchantments:[{id:\"minecraft:efficiency\",lvl:10s}]}",
                "conditions": [
                  {
                    "condition": "minecraft:random_chance",
                    "chance": 0.9
                  }
                ]
              },
              {
                "function": "minecraft:set_nbt",
                "tag": "{RepairCost:1000}"
              }
            ]
          },
          {
            "type": "minecraft:item",
            "name": "iron_axe",
            "weight": 1,
            "functions": [
              {
                "function": "minecraft:set_nbt",
                "tag": "{Enchantments:[{id:\"minecraft:fortune\",lvl:6s}]}"
              },
              {
                "function": "minecraft:set_nbt",
                "tag": "{Enchantments:[{id:\"minecraft:efficiency\",lvl:10s}]}",
                "conditions": [
                  {
                    "condition": "minecraft:random_chance",
                    "chance": 0.9
                  }
                ]
              },
              {
                "function": "minecraft:set_nbt",
                "tag": "{RepairCost:1000}"
              }
            ]
          },
          {
            "type": "minecraft:item",
            "name": "iron_shovel",
            "weight": 1,
            "functions": [
              {
                "function": "minecraft:set_nbt",
                "tag": "{Enchantments:[{id:\"minecraft:fortune\",lvl:6s}]}"
              },
              {
                "function": "minecraft:set_nbt",
                "tag": "{Enchantments:[{id:\"minecraft:efficiency\",lvl:10s}]}",
                "conditions": [
                  {
                    "condition": "minecraft:random_chance",
                    "chance": 0.9
                  }
                ]
              },
              {
                "function": "minecraft:set_nbt",
                "tag": "{RepairCost:1000}"
              }
            ]
          }
        ]
      },
      {
        "rolls": {
          "min": 7,
          "max": 10
        },
        "entries": [
          {
            "type": "minecraft:item",
            "name": "minecraft:popped_chorus_fruit",
            "weight": 10,
            "functions": [
              {
                "function": "minecraft:set_count",
                "count": {
                  "min": 2,
                  "max": 5
                }
              }
            ]
          },
          {
            "type": "minecraft:item",
            "name": "iron_ingot",
            "weight": 5,
            "functions": [
              {
                "function": "minecraft:set_count",
                "count": {
                  "min": 2,
                  "max": 3
                }
              }
            ]
          },
          {
            "type": "minecraft:item",
            "name": "gold_ingot",
            "weight": 3,
            "functions": [
              {
                "function": "minecraft:set_count",
                "count": {
                  "min": 2,
                  "max": 3
                }
              }
            ]
          },
          {
            "type": "minecraft:item",
            "name": "diamond",
            "weight": 1,
            "functions": [
              {
                "function": "minecraft:set_count",
                "count": {
                  "min": 1,
                  "max": 2
                }
              }
            ]
          },
          {
            "type": "minecraft:item",
            "name": "ender_eye",
            "weight": 5,
            "functions": [
              {
                "function": "minecraft:set_count",
                "count": {
                  "min": 1,
                  "max": 2
                }
              }
            ]
          }
        ]
      }
    ]
  }