{
    "pools": [
      {
        "rolls": {
          "min": 1,
          "max": 2
        },
        "entries": [
          {
            "type": "minecraft:item",
            "name": "ender_eye",
            "weight": 1
          },
          {
            "type": "minecraft:item",
            "name": "ender_pearl",
            "weight": 2
          },
          {
            "type": "minecraft:item",
            "name": "arrow",
            "weight": 2,
            "functions": [
              {
                "function": "minecraft:set_count",
                "count": {
                  "min": 1,
                  "max": 3
                }
              }
            ]
          }
        ]
      }
    ]
  }