{
    "pools": [
      {
        "rolls": 1,
        "entries": [
          {
            "type": "minecraft:item",
            "name": "quartz",
            "functions": [
              {
                "function": "minecraft:set_count",
                "count": {
                  "min": 2,
                  "max": 4
                }
              },
              {
                "function": "minecraft:set_nbt",
                "tag": "{display:{Name:'{\"text\":\"End Quartz\",\"italic\":false}'}}"
              }
            ]
          }
        ]
      }
    ]
  }