{
    "type": "minecraft:chest",
    "pools": [
        {
            "rolls": 1,
            "entries": [
                {
                    "type": "minecraft:item",
                    "weight": 1,
                    "name": "minecraft:honey_block",
                    "functions": [
                        {
                            "function": "minecraft:set_count",
                            "count": {
                                "min": 1,
                                "max": 2
                            }
                        }
                    ]
                },
                {
                    "type": "minecraft:item",
                    "weight": 3,
                    "name": "minecraft:honeycomb_block",
                    "functions": [
                        {
                            "function": "minecraft:set_count",
                            "count": {
                                "min": 1,
                                "max": 2
                            }
                        }
                    ]
                }
            ]
        },
        {
            "rolls": 1,
            "entries": [
                {
                    "type": "minecraft:item",
                    "name": "minecraft:shears",
                    "functions": [
                        {
                            "function": "minecraft:enchant_randomly",
                            "enchantments": [
                                "minecraft:silk_touch"
                            ],
                            "conditions": [
                                {
                                    "condition": "minecraft:random_chance",
                                    "chance": 0.3
                                }
                            ]
                        },
                        {
                            "function": "minecraft:set_damage",
                            "damage": {
                                "min": 0.01,
                                "max": 0.2
                            }
                        }
                    ]
                }
            ]
        },
        {
            "rolls": 1,
            "entries": [
                {
                    "type": "minecraft:loot_table",
                    "weight": 1,
                    "name": "dnl:item/honeycomb_ingot",
                    "functions": [
                        {
                            "function": "minecraft:set_count",
                            "count": {
                                "min": 1,
                                "max": 3
                            }
                        }
                    ]
                },
                {
                    "type": "minecraft:item",
                    "weight": 4,
                    "name": "minecraft:honey_bottle",
                    "functions": [
                        {
                            "function": "minecraft:set_count",
                            "count": {
                                "min": 1,
                                "max": 3
                            }
                        }
                    ]
                },
                {
                    "type": "minecraft:item",
                    "weight": 4,
                    "name": "minecraft:honeycomb",
                    "functions": [
                        {
                            "function": "minecraft:set_count",
                            "count": {
                                "min": 3,
                                "max": 5
                            }
                        }
                    ]
                }
            ]
        },
        {
            "rolls": {
                "min": 1,
                "max": 2
            },
            "entries": [
                {
                    "type": "minecraft:item",
                    "name": "minecraft:potion",
                    "functions": [
                        {
                            "function": "minecraft:set_nbt",
                            "tag": "{Potion:\"minecraft:awkward\"}"
                        }
                    ]
                },
                {
                    "type": "minecraft:item",
                    "name": "minecraft:potion",
                    "functions": [
                        {
                            "function": "minecraft:set_nbt",
                            "tag": "{Potion:\"minecraft:water\"}"
                        }
                    ]
                },
                {
                    "type": "minecraft:item",
                    "name": "minecraft:glass_bottle"
                }
            ]
        },
        {
            "rolls": {
                "min": 1,
                "max": 2
            },
            "entries": [
                {
                    "type": "minecraft:item",
                    "weight": 1,
                    "name": "minecraft:mushroom_stew",
                    "functions": [
                        {
                            "function": "minecraft:set_count",
                            "count": {
                                "min": 1,
                                "max": 4
                            }
                        }
                    ]
                },
                {
                    "type": "minecraft:item",
                    "weight": 1,
                    "name": "minecraft:brown_mushroom",
                    "functions": [
                        {
                            "function": "minecraft:set_count",
                            "count": {
                                "min": 1,
                                "max": 4
                            }
                        }
                    ]
                },
                {
                    "type": "minecraft:item",
                    "weight": 1,
                    "name": "minecraft:red_mushroom"
                }
            ]
        },
        {
            "rolls": {
                "min": 2,
                "max": 3
            },
            "entries": [
                {
                    "type": "minecraft:item",
                    "weight": 1,
                    "name": "minecraft:glistering_melon_slice",
                    "functions": [
                        {
                            "function": "minecraft:set_count",
                            "count": {
                                "min": 1,
                                "max": 3
                            }
                        }
                    ]
                },
                {
                    "type": "minecraft:item",
                    "weight": 5,
                    "name": "minecraft:glowstone_dust",
                    "functions": [
                        {
                            "function": "minecraft:set_count",
                            "count": {
                                "min": 1,
                                "max": 3
                            }
                        }
                    ]
                },
                {
                    "type": "minecraft:item",
                    "weight": 5,
                    "name": "minecraft:redstone",
                    "functions": [
                        {
                            "function": "minecraft:set_count",
                            "count": {
                                "min": 1,
                                "max": 3
                            }
                        }
                    ]
                },
                {
                    "type": "minecraft:item",
                    "weight": 5,
                    "name": "minecraft:gunpowder",
                    "functions": [
                        {
                            "function": "minecraft:set_count",
                            "count": {
                                "min": 1,
                                "max": 3
                            }
                        }
                    ]
                }
            ]
        },
        {
            "rolls": 1,
            "entries": [
                {
                    "type": "minecraft:loot_table",
                    "name": "dnl:checkpoint_player_head",
                    "conditions": [
                        {
                            "condition": "minecraft:random_chance",
                            "chance": 0.1
                        }
                    ]
                }
            ]
        }
    ]
}
