{
  "type": "minecraft:chest",
  "pools": [
    {
      "rolls": 1,
      "entries": [
        {
          "type": "minecraft:item",
          "weight": 54,
          "name": "minecraft:enchanted_book",
          "functions": [
            {
              "function": "minecraft:set_count",
              "count": 1
            },
            {
              "function": "minecraft:set_nbt",
              "tag": "{StoredEnchantments:[{id:\"minecraft:power\",lvl:1s}]}"
            }
          ]
        },
        {
          "type": "minecraft:item",
          "weight": 27,
          "name": "minecraft:enchanted_book",
          "functions": [
            {
              "function": "minecraft:set_count",
              "count": 1
            },
            {
              "function": "minecraft:set_nbt",
              "tag": "{StoredEnchantments:[{id:\"minecraft:power\",lvl:2s}]}"
            }
          ]
        },
        {
          "type": "minecraft:item",
          "weight": 9,
          "name": "minecraft:enchanted_book",
          "functions": [
            {
              "function": "minecraft:set_count",
              "count": 1
            },
            {
              "function": "minecraft:set_nbt",
              "tag": "{StoredEnchantments:[{id:\"minecraft:power\",lvl:3s}]}"
            }
          ]
        },
        {
          "type": "minecraft:item",
          "weight": 5,
          "name": "minecraft:enchanted_book",
          "functions": [
            {
              "function": "minecraft:set_count",
              "count": 1
            },
            {
              "function": "minecraft:set_nbt",
              "tag": "{StoredEnchantments:[{id:\"minecraft:power\",lvl:4s}]}"
            }
          ]
        },
        {
          "type": "minecraft:item",
          "weight": 3,
          "name": "minecraft:enchanted_book",
          "functions": [
            {
              "function": "minecraft:set_count",
              "count": 1
            },
            {
              "function": "minecraft:set_nbt",
              "tag": "{StoredEnchantments:[{id:\"minecraft:power\",lvl:5s}]}"
            }
          ]
        },
        {
          "type": "minecraft:item",
          "weight": 54,
          "name": "minecraft:enchanted_book",
          "functions": [
            {
              "function": "minecraft:set_count",
              "count": 1
            },
            {
              "function": "minecraft:set_nbt",
              "tag": "{StoredEnchantments:[{id:\"minecraft:punch\",lvl:1s}]}"
            }
          ]
        },
        {
          "type": "minecraft:item",
          "weight": 3,
          "name": "minecraft:enchanted_book",
          "functions": [
            {
              "function": "minecraft:set_count",
              "count": 1
            },
            {
              "function": "minecraft:set_nbt",
              "tag": "{StoredEnchantments:[{id:\"minecraft:punch\",lvl:2s}]}"
            }
          ]
        }
      ]
    },
    {
      "rolls": {
        "min": 2,
        "max": 3
      },
      "entries": [
        {
          "type": "minecraft:item",
          "weight": 1,
          "name": "minecraft:bone_meal",
          "functions": [
            {
              "function": "minecraft:set_count",
              "count": {
                "min": 1,
                "max": 7
              }
            }
          ]
        },
        {
          "type": "minecraft:item",
          "weight": 1,
          "name": "minecraft:bone",
          "functions": [
            {
              "function": "minecraft:set_count",
              "count": {
                "min": 1,
                "max": 7
              }
            }
          ]
        },
        {
          "type": "minecraft:item",
          "weight": 1,
          "name": "minecraft:arrow",
          "functions": [
            {
              "function": "minecraft:set_count",
              "count": {
                "min": 1,
                "max": 16
              }
            }
          ]
        },
        {
          "type": "minecraft:item",
          "weight": 1,
          "name": "minecraft:milk_bucket",
          "functions": [
            {
              "function": "minecraft:set_count",
              "count": 1
            }
          ]
        }
      ]
    },
    {
      "rolls": 1,
      "entries": [
        {
          "type": "minecraft:item",
          "weight": 95,
          "name": "minecraft:golden_apple",
          "functions": [
            {
              "function": "minecraft:set_count",
              "count": 1
            }
          ]
        },
        {
          "type": "minecraft:item",
          "weight": 5,
          "name": "minecraft:enchanted_golden_apple",
          "functions": [
            {
              "function": "minecraft:set_count",
              "count": 1
            }
          ]
        }
      ]
    },
    {
      "rolls": 1,
      "entries": [
        {
          "type": "minecraft:loot_table",
          "name": "dnl:checkpoint_player_head",
          "conditions": [
            {
              "condition": "minecraft:random_chance",
              "chance": 0.1
            }
          ]
        }
      ]
    }
  ]
}
