{
  "pools": [
    {
      "rolls": 1,
      "entries": [
        {
          "type": "minecraft:item",
          "name": "minecraft:bow",
          "functions": [
            {
              "function": "minecraft:set_name",
              "entity": "this",
              "name": {
                "translate": "Ancient Bow",
                "color": "#FFAA00",
                "italic": false
              }
            },
            {
              "function": "minecraft:set_lore",
              "entity": "this",
              "lore": [
                {
                  "translate": "Arrow Strength",
                  "color": "#AAAAAA",
                  "italic": false
                },
                {
                  "translate": "x1.5 Arrow Damage",
                  "color": "#555555",
                  "italic": false
                },
                {
                  "translate": "Flaming Tears",
                  "color": "#AAAAAA",
                  "italic": false
                },
                {
                  "translate": "Drops small and large fireballs.",
                  "color": "#555555",
                  "italic": false
                },
                {
                  "translate": "[Consumes 1 Ghast Tear]",
                  "color": "#555555",
                  "italic": false
                }
              ]
            },
            {
              "function": "minecraft:set_nbt",
              "tag": "{CustomModelData: 4040002, dnl: {name: 'ancient_bow_red', item: 1, id: 2}}"
            }
          ]
        }
      ]
    }
  ]
}
