{
  "type": "minecraft:generic",
  "pools": [
    {
      "rolls": 1,
      "entries": [
        {
          "type": "minecraft:item",
          "name": "minecraft:yellow_shulker_box",
          "functions": [
            {
              "function": "minecraft:set_name",
              "entity": "this",
              "name": {
                "translate": "Hive Chest",
                "color": "#FFAA00",
                "italic": false
              }
            },
            {
              "function": "minecraft:set_nbt",
              "tag": "{BlockEntityTag:{LootTable:\"dnl:structures/hivenest/chests/hive_chest\"},dnl:{name:'hive_chest'}}"
            }
          ]
        }
      ]
    }
  ]
}
