{
  "pools": [
    {
      "rolls": 1,
      "entries": [
        {
          "type": "minecraft:item",
          "name": "minecraft:goat_horn",
          "functions": [
            {
              "function": "minecraft:set_name",
              "entity": "this",
              "name": {
                "translate": "Ominous Horn",
                "color": "#FFAA00",
                "italic": false
              }
            },
            {
              "function": "minecraft:set_lore",
              "entity": "this",
              "lore": [
                {
                  "translate": "Ominous Warning",
                  "color": "#AAAAAA",
                  "italic": false
                },
                {
                  "translate": "Applies glowing effect to all",
                  "color": "#555555",
                  "italic": false
                },
                {
                  "translate": "illager mobs within 30 blocks.",
                  "color": "#555555",
                  "italic": false
                }
              ]
            },
            {
              "function": "minecraft:set_nbt",
              "tag": "{CustomModelData: 4044005, dnl: {name: 'ominous_horn', item: 1, id: 4005}}"
            },
            {
              "function": "minecraft:set_nbt",
              "tag": "{instrument:\"minecraft:seek_goat_horn\"}"
            }
          ]
        }
      ]
    }
  ]
}
