{
  "pools": [
    {
      "rolls": 1,
      "entries": [
        {
          "type": "minecraft:item",
          "name": "minecraft:shield",
          "functions": [
            {
              "function": "minecraft:set_name",
              "entity": "this",
              "name": {
                "translate": "Pumpkin Shield",
                "color": "#FFAA00",
                "italic": false
              }
            },
            {
              "function": "minecraft:set_lore",
              "entity": "this",
              "lore": [
                {
                  "translate": "Parry Frame",
                  "color": "#AAAAAA",
                  "italic": false
                },
                {
                  "translate": "0.25s-0.5s",
                  "color": "#555555",
                  "italic": false
                },
                {
                  "translate": "Counter Stun",
                  "color": "#AAAAAA",
                  "italic": false
                },
                {
                  "translate": "Deals Slowness V and Weakness V for",
                  "color": "#555555",
                  "italic": false
                },
                {
                  "translate": "3s on parry.",
                  "color": "#555555",
                  "italic": false
                },
                {
                  "translate": "Pumpkin Curse",
                  "color": "#AAAAAA",
                  "italic": false
                },
                {
                  "translate": "On parry, puts a pumpkin on the",
                  "color": "#555555",
                  "italic": false
                },
                {
                  "translate": "attacking mob, dealing Slowness 3",
                  "color": "#555555",
                  "italic": false
                },
                {
                  "translate": "and Weakness 3 for 10s. Parrying the",
                  "color": "#555555",
                  "italic": false
                },
                {
                  "translate": "mob that already wears an item on its",
                  "color": "#555555",
                  "italic": false
                },
                {
                  "translate": "head will instead make them drop pumpkin pie.",
                  "color": "#555555",
                  "italic": false
                }
              ]
            },
            {
              "function": "minecraft:set_nbt",
              "tag": "{dnl: {name: 'pumpkin_shield', item: 1, id: 6002}}"
            },
            {
              "function": "minecraft:set_nbt",
              "tag": "{HideFlags:32,BlockEntityTag:{Base:1,Patterns:[{Color:12,Pattern:\"ss\"},{Color:1,Pattern:\"gru\"},{Color:13,Pattern:\"tts\"},{Color:15,Pattern:\"cre\"}]}}"
            }
          ]
        }
      ]
    }
  ]
}
