{
  "name": "milesplayz:tower_top",
  "fallback": "minecraft:empty",
  "elements": [
	{
      "weight": 20,
      "element": {
        "location": "milesplayz:tower_top_1",
        "processors": "minecraft:empty",
		"projection": "rigid",
        "element_type": "minecraft:single_pool_element"
      }
    },
	{
      "weight": 10,
      "element": {
        "location": "milesplayz:tower_top_2",
        "processors": "minecraft:empty",
		"projection": "rigid",
        "element_type": "minecraft:single_pool_element"
      }
    }
  ]
}